{
    "playerPosition": {
        "x": 410.53790283203127,
        "y": -682.51171875,
        "z": 0.0
    },
    "sceneID": 4
}