{"playerPosition":{"x":253.64476013183595,"y":-685.686767578125,"z":0.0},"sceneID":4}