{
    "playerPosition": {
        "x": -164.37689208984376,
        "y": -807.9430541992188,
        "z": 0.0
    },
    "sceneID": 3
}