{
    "playerPosition": {
        "x": 567.3077392578125,
        "y": -794.7044067382813,
        "z": 0.0
    },
    "sceneID": 3
}