{"name":"Tiona","kills":0,"playerPosition":{"x":317.24468994140627,"y":-689.6934204101563,"z":7.40625},"sceneID":8}