{
    "playerPosition": {
        "x": -200.1922607421875,
        "y": -810.6943969726563,
        "z": 1.0
    },
    "sceneID": 4
}