{
    "playerPosition": {
        "x": 175.0077362060547,
        "y": -797.804443359375,
        "z": 0.0
    },
    "sceneID": 16
}