{
    "playerPosition": {
        "x": 356.3077392578125,
        "y": -686.6044311523438,
        "z": 0.0
    },
    "sceneID": 24
}