{
    "playerPosition": {
        "x": 29.707733154296876,
        "y": -794.7044067382813,
        "z": 0.0
    },
    "sceneID": 2
}